,NAME,per_bachelor,med_hd_inc,mean_hd_inc,num_household,household_fd,per_fdstamp,NAME,top_race
0,60004,0.5883417519786067,"108,890","134,186",20494,783,0.03820630428418074,60004,"[('White', 0.7829741708696316), ('Asian Indian', 0.043882775485251414), ('Some other race', 0.04111263946202048), ('Black or African American', 0.028503744459727955), ('Korean', 0.016391563502980284)]"
1,60005,0.5531375351560699,"94,670","118,146",12405,938,0.07561467150342603,60005,"[('White', 0.7353318479508474), ('Some other race', 0.0588751603537911), ('Asian Indian', 0.037303355614070624), ('Black or African American', 0.027783404226588346), ('Japanese', 0.017149415974613464)]"
2,60007,0.39799345143144993,"89,408","108,430",12745,594,0.046606512357787365,60007,"[('White', 0.7789578794480755), ('Asian Indian', 0.04520697167755991), ('Filipino', 0.030107722101186153), ('Black or African American', 0.02348099733720649), ('Chinese', 0.019668361171629147)]"
3,60008,0.3504362149960344,"79,857","101,617",8731,536,0.061390447829572786,60008,"[('White', 0.6816006209305334), ('Some other race', 0.11564831184511233), ('Black or African American', 0.03497046267948773), ('Asian Indian', 0.024923461687723684), ('Filipino', 0.018929757233409512)]"
4,60010,0.6928890945549899,"153,125","202,719",16999,428,0.025177951644214366,60010,"[('White', 0.810693825588797), ('Asian Indian', 0.05790367069806917), ('Korean', 0.02550392531296414), ('Chinese', 0.02435815828559304), ('Other Asian', 0.012009335879482283)]"
5,60015,0.7909988323957117,"161,700","219,717",10246,154,0.015030255709545188,60015,"[('White', 0.8883307433775433), ('Asian Indian', 0.03595822341079108), ('Korean', 0.013154566152289401), ('Chinese', 0.011672870514256804), ('Black or African American', 0.009504535434209099)]"
6,60016,0.42426166341922633,"73,428","97,352",24144,2730,0.11307157057654076,60016,"[('White', 0.6124074670099775), ('Asian Indian', 0.1176054071451561), ('Some other race', 0.04987125844866431), ('Filipino', 0.04813324750563244), ('Black or African American', 0.045992919214676534)]"
7,60018,0.25540038179443386,"69,834","86,916",9685,1065,0.109963861641714,60018,"[('White', 0.6649291862418985), ('Asian Indian', 0.07256266931861047), ('Some other race', 0.06395528274064675), ('Filipino', 0.02335310860395734), ('Black or African American', 0.012859641301738623)]"
8,60022,0.8603896103896104,"210,000","343,629",3106,58,0.018673535093367676,60022,"[('White', 0.9469306466729147), ('Black or African American', 0.01499531396438613), ('Asian Indian', 0.011715089034676664), ('Filipino', 0.005506091846298032), ('Korean', 0.0030459231490159327)]"
9,60025,0.6473791004396348,"106,519","161,153",16088,825,0.05128045748383889,60025,"[('White', 0.7512560432268461), ('Korean', 0.06126173096976017), ('Other Asian', 0.04083325433690397), ('Asian Indian', 0.03526400606692578), ('Filipino', 0.020831358422599297)]"
10,60026,0.692958320595129,"127,663","179,466",5463,126,0.023064250411861616,60026,"[('White', 0.7011825989018724), ('Asian Indian', 0.07616500070392791), ('Korean', 0.06602843868787836), ('Chinese', 0.032943826552161055), ('Other Asian', 0.026538082500351962)]"
11,60029,0.7590027700831025,"211,100","302,020",178,0,0.0,60029,"[('White', 0.8301526717557252), ('Black or African American', 0.04389312977099236), ('Filipino', 0.04198473282442748), ('Korean', 0.030534351145038167), ('Other Asian', 0.01717557251908397)]"
12,60043,0.9122434536447275,"250,000+","387,288",755,6,0.007947019867549669,60043,"[('White', 0.8922822946760215), ('Some other race', 0.012381345439537762), ('Chinese', 0.011555922410235245), ('Other Asian', 0.00990507635163021), ('Asian Indian', 0.0033016921172100704)]"
13,60053,0.4897444158075601,"91,389","107,560",9456,596,0.06302876480541456,60053,"[('White', 0.5843864981602943), ('Asian Indian', 0.13093904975203968), ('Other Asian', 0.07418812989921612), ('Filipino', 0.06698928171492562), ('Korean', 0.025355943049112144)]"
14,60056,0.47186306200411404,"92,736","111,410",21788,1634,0.07499541031760602,60056,"[('White', 0.6971640427326399), ('Some other race', 0.06810514478493113), ('Asian Indian', 0.0652410739387124), ('Black or African American', 0.031698060163058754), ('Korean', 0.01653429856620748)]"
15,60062,0.6834653305317602,"128,312","184,857",16453,284,0.017261289734394943,60062,"[('White', 0.7839217557251908), ('Korean', 0.06641221374045801), ('Asian Indian', 0.033754770992366415), ('Chinese', 0.0254293893129771), ('Black or African American', 0.024260496183206106)]"
16,60067,0.5971151454861975,"117,823","148,862",15301,750,0.04901640415659107,60067,"[('White', 0.7229144234220376), ('Asian Indian', 0.08152591908937086), ('Some other race', 0.04030149207814183), ('Black or African American', 0.026636927652156077), ('Chinese', 0.026611290570681432)]"
17,60068,0.6236980102004166,"124,704","162,256",15179,289,0.019039462415178867,60068,"[('White', 0.8756419012926564), ('Filipino', 0.025878424527585944), ('Asian Indian', 0.013786648453112747), ('Some other race', 0.013634868837115175), ('Black or African American', 0.012041182869140674)]"
18,60070,0.4017577445179255,"77,598","104,853",6272,501,0.07987882653061225,60070,"[('White', 0.6425196850393701), ('Some other race', 0.20963779527559054), ('Asian Indian', 0.06204724409448819), ('Filipino', 0.01568503937007874), ('Korean', 0.011464566929133859)]"
19,60074,0.4145780456852792,"70,999","93,164",14463,1395,0.09645301804604854,60074,"[('White', 0.6039304209268358), ('Some other race', 0.2084716505112203), ('Black or African American', 0.05279511353073961), ('Asian Indian', 0.03771079537909972), ('Other Asian', 0.01832425972646395)]"
20,60076,0.510487721691678,"89,448","114,958",11506,833,0.07239701025551885,60076,"[('White', 0.5676298157453936), ('Black or African American', 0.08931562574778655), ('Filipino', 0.0777997128499641), ('Asian Indian', 0.06529672170375687), ('Other Asian', 0.05482770997846375)]"
21,60077,0.4328114494284891,"69,086","92,198",10878,1517,0.13945578231292516,60077,"[('White', 0.5096791846227512), ('Filipino', 0.09155893015938163), ('Asian Indian', 0.08789930911827075), ('Black or African American', 0.08170873520760653), ('Other Asian', 0.035775360831794244)]"
22,60089,0.6734349133416669,"121,246","148,036",15953,883,0.05535009089199524,60089,"[('White', 0.673202614379085), ('Asian Indian', 0.13558021073197962), ('Korean', 0.040681041099713905), ('Chinese', 0.03756425464610518), ('Black or African American', 0.032516921359291046)]"
23,60090,0.42115040835640927,"74,337","93,962",15298,1362,0.08903124591449862,60090,"[('White', 0.5715273863811037), ('Some other race', 0.16536865296920633), ('Asian Indian', 0.09399497873648614), ('Korean', 0.040989906235589485), ('Black or African American', 0.022544448429574218)]"
24,60091,0.8373842905862611,"173,514","260,024",10292,264,0.02565099106101827,60091,"[('White', 0.8281801801801801), ('Chinese', 0.05394594594594595), ('Korean', 0.025621621621621623), ('Asian Indian', 0.02252252252252252), ('Other Asian', 0.010774774774774775)]"
25,60093,0.8298811037164436,"218,393","357,957",7240,65,0.008977900552486187,60093,"[('White', 0.9007802149271309), ('Some other race', 0.02502576181363168), ('Chinese', 0.012316600422003042), ('Asian Indian', 0.0066735364836351145), ('Korean', 0.00471073163550714)]"
26,60103,0.44520100416107844,"115,262","129,505",14272,779,0.054582399103139015,60103,"[('White', 0.6938418639822298), ('Asian Indian', 0.079068008885108), ('Some other race', 0.04541802542653244), ('Filipino', 0.03646202561557729), ('Other Asian', 0.034193487404886806)]"
27,60104,0.15777042985356637,"66,564","76,578",6056,1223,0.20194848084544254,60104,"[('Black or African American', 0.7117380889007187), ('Some other race', 0.1295182326324195), ('White', 0.09784402448762311), ('Asian Indian', 0.005163694437050838), ('Chinese', 0.001703486824594091)]"
28,60107,0.2705713126544462,"88,586","99,114",12854,1361,0.10588143768476739,60107,"[('White', 0.5538139757578812), ('Some other race', 0.11080311468386966), ('Asian Indian', 0.06030290048635436), ('Black or African American', 0.05556535544187687), ('Filipino', 0.035380389587480784)]"
29,60120,0.19994319795512638,"74,287","84,228",15953,2288,0.14342130006895254,60120,"[('White', 0.4750901536531828), ('Some other race', 0.274733458764503), ('Black or African American', 0.04088272185638131), ('Other Asian', 0.018128723737848854), ('Asian Indian', 0.013111476952022577)]"
30,60126,0.6102475712942651,"124,789","170,422",17332,650,0.03750288483729518,60126,"[('White', 0.8547321316548868), ('Asian Indian', 0.03540211618083727), ('Black or African American', 0.012985655137802685), ('Filipino', 0.012232863535611226), ('Some other race', 0.009514449416586508)]"
31,60130,0.483342241225726,"72,827","95,390",6961,700,0.10056026432983767,60130,"[('White', 0.5641043575575295), ('Black or African American', 0.27928936140449045), ('Some other race', 0.04077778554941596), ('Asian Indian', 0.030635797719801357), ('Filipino', 0.006015247954116248)]"
32,60131,0.1615851192883138,"70,267","81,993",5895,772,0.13095843935538592,60131,"[('White', 0.5910695855288174), ('Some other race', 0.17524037155739042), ('Filipino', 0.03199521972948015), ('Asian Indian', 0.005160519311206475), ('Black or African American', 0.004074094193057744)]"
33,60133,0.2690312513179537,"80,535","90,724",11220,1367,0.12183600713012478,60133,"[('White', 0.48571048075642564), ('Some other race', 0.136556132640831), ('Asian Indian', 0.08224796910374217), ('Black or African American', 0.07859901451591424), ('Other Asian', 0.03467838593687575)]"
34,60141,0.45733788395904434,"14,539","17,397",137,112,0.8175182481751825,60141,"[('White', 0.44966442953020136), ('Black or African American', 0.40939597315436244), ('Some other race', 0.08389261744966443), ('Asian Indian', 0.02348993288590604), ('Native Hawaiian', 0.010067114093959731)]"
35,60153,0.1516921709314877,"58,764","71,278",7875,2198,0.2791111111111111,60153,"[('Black or African American', 0.618847411559859), ('Some other race', 0.17276086125621098), ('White', 0.14991294007729222), ('Asian Indian', 0.003609801673249246), ('Other Asian', 0.0024206905338259653)]"
36,60154,0.4312152991980259,"94,151","112,002",6829,435,0.0636989310294333,60154,"[('White', 0.6528478945180258), ('Black or African American', 0.22040743600403873), ('Some other race', 0.04864286986992932), ('Filipino', 0.02019362119142365), ('Japanese', 0.0021975411296549265)]"
37,60155,0.14057564057564056,"56,751","70,074",3089,589,0.1906765943671091,60155,"[('Black or African American', 0.7079325421611493), ('White', 0.14940662086196127), ('Some other race', 0.05396627108057464), ('Vietnamese', 0.015365396627108058), ('Filipino', 0.01136789506558401)]"
38,60160,0.12908002714876288,"58,871","75,985",7949,1056,0.1328468989810039,60160,"[('White', 0.4403352087185742), ('Some other race', 0.34118896801353427), ('Black or African American', 0.042137152299641975), ('Filipino', 0.002557343510249046), ('Vietnamese', 0.0005901561946728567)]"
39,60162,0.25841968911917096,"62,224","76,940",2987,293,0.09809173083361232,60162,"[('Black or African American', 0.44919140719285544), ('White', 0.28566256335988416), ('Some other race', 0.20480328264542602), ('Asian Indian', 0.013878831764421916), ('Filipino', 0.011585807385952208)]"
40,60163,0.1955617198335645,"73,814","83,081",1913,158,0.08259278619968635,60163,"[('White', 0.38684755982664404), ('Black or African American', 0.2619182212172602), ('Some other race', 0.1827774637271528), ('Vietnamese', 0.008290936498963633), ('Asian Indian', 0.005652911249293386)]"
41,60164,0.13643670930313834,"65,401","74,602",7162,1086,0.15163362189332588,60164,"[('White', 0.5446843777337815), ('Some other race', 0.22547078594778766), ('Black or African American', 0.027211197568948846), ('Filipino', 0.011372530963672361), ('Vietnamese', 0.008425802292923248)]"
42,60165,0.03510676800579081,"68,268","69,940",1307,368,0.2815608263198164,60165,"[('Some other race', 0.44372153545868576), ('White', 0.3673823465625678), ('Black or African American', 0.024289741921492084), ('Other Asian', 0.007807417046193884), ('Filipino', 0.002602472348731295)]"
43,60169,0.4014520147779019,"82,177","95,384",12161,1088,0.08946632678233699,60169,"[('White', 0.49915174915174915), ('Asian Indian', 0.12147537147537148), ('Some other race', 0.1098046098046098), ('Black or African American', 0.06616356616356617), ('Filipino', 0.05235755235755236)]"
44,60171,0.21160027952480784,"65,625","75,078",3762,344,0.09144072301967039,60171,"[('White', 0.742408476019298), ('Some other race', 0.2095355217103396), ('Filipino', 0.008324661810613945), ('Other Asian', 0.004256929334973039), ('Chinese', 0.002081165452653486)]"
45,60172,0.3940858359222184,"95,258","112,502",9289,671,0.0722359780385402,60172,"[('White', 0.8204613430573197), ('Asian Indian', 0.039824640471995736), ('Filipino', 0.014872782398492235), ('Black or African American', 0.01393042979473102), ('Some other race', 0.01098045642643504)]"
46,60173,0.670643702492062,"96,393","124,229",6534,345,0.052800734618916434,60173,"[('White', 0.4039668949771689), ('Asian Indian', 0.2819634703196347), ('Black or African American', 0.0668521689497717), ('Some other race', 0.0526541095890411), ('Korean', 0.04138127853881279)]"
47,60176,0.2824446680080483,"59,420","76,215",4299,613,0.14259130030239592,60176,"[('White', 0.7080479452054794), ('Some other race', 0.15933219178082192), ('Filipino', 0.052054794520547946), ('Black or African American', 0.01678082191780822), ('Asian Indian', 0.009332191780821918)]"
48,60192,0.6308650400955468,"134,481","156,334",5785,201,0.03474503025064823,60192,"[('White', 0.603745958147764), ('Asian Indian', 0.13031541699713256), ('Korean', 0.04874626319321579), ('Black or African American', 0.04618388139832835), ('Chinese', 0.045146726862302484)]"
49,60193,0.42118479221927496,"82,287","98,272",16016,769,0.04801448551448551,60193,"[('White', 0.6992029887920299), ('Asian Indian', 0.06296388542963885), ('Some other race', 0.047222914072229144), ('Black or African American', 0.03471980074719801), ('Other Asian', 0.02224159402241594)]"
50,60194,0.48059494984434453,"85,837","105,619",8093,505,0.062399604596564934,60194,"[('White', 0.5660331264963111), ('Asian Indian', 0.1504861484340646), ('Black or African American', 0.09503102555332975), ('Some other race', 0.038696438168759464), ('Korean', 0.026725949088777057)]"
51,60195,0.6899464939453676,"79,385","88,786",2271,120,0.052840158520475564,60195,"[('White', 0.35498458376156217), ('Asian Indian', 0.3373072970195272), ('Filipino', 0.09701952723535458), ('Black or African American', 0.05693730729701953), ('Chinese', 0.045220966084275435)]"
52,60201,0.7257032755298651,"81,128","156,031",16240,971,0.05979064039408867,60201,"[('White', 0.6649176102365829), ('Black or African American', 0.1311101905550953), ('Chinese', 0.053714443523888426), ('Some other race', 0.02598269354690233), ('Asian Indian', 0.01983798214121329)]"
53,60202,0.6377108433734939,"92,433","135,491",14016,795,0.0567208904109589,60202,"[('White', 0.5963268473543529), ('Black or African American', 0.19937918546834132), ('Some other race', 0.04245106774351163), ('Other Asian', 0.016468829937056305), ('Filipino', 0.01621015721553186)]"
54,60203,0.7785831960461285,"132,500","162,249",1670,22,0.013173652694610778,60203,"[('White', 0.753595600676819), ('Black or African American', 0.12288494077834179), ('Japanese', 0.0266497461928934), ('Other Asian', 0.016074450084602367), ('Asian Indian', 0.014382402707275803)]"
55,60208,0.5,-,-,0,0,,60208,"[('White', 0.6650717703349283), ('Chinese', 0.09090909090909091), ('Asian Indian', 0.08133971291866028), ('Some other race', 0.0430622009569378), ('Korean', 0.03827751196172249)]"
56,60301,0.8001679261125105,"90,283","109,306",1842,8,0.004343105320304018,60301,"[('White', 0.514878892733564), ('Black or African American', 0.18027681660899653), ('Some other race', 0.10173010380622838), ('Korean', 0.05847750865051903), ('Other Asian', 0.02906574394463668)]"
57,60302,0.7100234092360077,"91,020","144,546",14375,1020,0.07095652173913043,60302,"[('White', 0.6595538605890009), ('Black or African American', 0.19480008474832775), ('Some other race', 0.01800901964345168), ('Chinese', 0.012681981900178578), ('Asian Indian', 0.008838039892248555)]"
58,60304,0.7251315459784515,"127,195","147,581",6576,239,0.03634428223844282,60304,"[('White', 0.6403610148038082), ('Black or African American', 0.17109680259754553), ('Filipino', 0.03593638214737769), ('Some other race', 0.03197402454460404), ('Chinese', 0.012492432997633592)]"
59,60305,0.7966278917788524,"129,263","211,504",4428,20,0.004516711833785004,60305,"[('White', 0.8414239482200647), ('Black or African American', 0.040197581331970704), ('Some other race', 0.022142735479475387), ('Chinese', 0.01779935275080906), ('Other Asian', 0.00800545051950264)]"
60,60402,0.2297662398684365,"65,076","80,190",22272,3180,0.1427801724137931,60402,"[('White', 0.42883384869730273), ('Some other race', 0.34347732908795886), ('Black or African American', 0.0766004347426752), ('Filipino', 0.01858371858065701), ('Other Asian', 0.004699507087530233)]"
61,60406,0.16514275051315544,"50,095","61,866",8971,2320,0.2586110801471408,60406,"[('White', 0.4764266005518455), ('Black or African American', 0.31343223897308753), ('Some other race', 0.14012076618546807), ('Asian Indian', 0.0037589474947014837), ('Chamorro', 0.002679249810053185)]"
62,60409,0.1899257869146123,"52,994","60,734",13895,3142,0.22612450521770422,60409,"[('Black or African American', 0.76009981976986), ('White', 0.16811312907250797), ('Some other race', 0.04979897407458755), ('Other Asian', 0.001580479689449605), ('Navajo tribal grouping', 0.0006931928462498268)]"
63,60411,0.2079103533451818,"52,769","66,842",17999,4287,0.2381798988832713,60411,"[('Black or African American', 0.5151384245520454), ('White', 0.27838924157619926), ('Some other race', 0.1477029412869539), ('Filipino', 0.0008639795650050712), ('Korean', 0.0004507719469591676)]"
64,60415,0.2734522978765826,"56,494","69,275",5415,810,0.14958448753462603,60415,"[('White', 0.7155345868313329), ('Black or African American', 0.07992784291958649), ('Some other race', 0.04815097481440366), ('Filipino', 0.022271560396863944), ('Other Asian', 0.0029834177478665095)]"
65,60418,0.25357269398842563,"65,735","71,267",4686,350,0.07469056764831412,60418,"[('White', 0.8176901924839597), ('Black or African American', 0.08331805682859762), ('Some other race', 0.034830430797433545), ('Filipino', 0.021448212648945923), ('Other Asian', 0.0036663611365719525)]"
66,60419,0.20345040896281533,"53,047","62,895",7789,1959,0.2515085376813455,60419,"[('Black or African American', 0.9193070224198628), ('White', 0.05007411524921253), ('Some other race', 0.006577728367611636), ('Asian Indian', 0.0009727626459143969), ('Filipino', 0.0008801185843987401)]"
67,60422,0.6414797886016284,"125,069","158,885",3721,178,0.04783660306369256,60422,"[('Black or African American', 0.645237869148229), ('White', 0.29550849871807044), ('Filipino', 0.005602506884436426), ('Vietnamese', 0.00512771816541639), ('Chinese', 0.0024689013389041876)]"
68,60423,0.4561363006741158,"123,776","140,452",10904,417,0.03824284666177549,60423,"[('White', 0.8424261083743843), ('Black or African American', 0.06970443349753695), ('Some other race', 0.009482758620689655), ('Filipino', 0.00791256157635468), ('Asian Indian', 0.00708128078817734)]"
69,60425,0.31488518090203205,"64,859","77,562",3073,435,0.14155548324113246,60425,"[('Black or African American', 0.6877880184331797), ('White', 0.24758064516129033), ('Some other race', 0.012442396313364055), ('Filipino', 0.0035714285714285713), ('Other Pacific Islander', 0.0)]"
70,60426,0.10550132523110738,"35,810","53,431",8572,2944,0.34344377041530566,60426,"[('Black or African American', 0.6613111880816258), ('White', 0.16500438175520593), ('Some other race', 0.08058256478738055), ('Asian Indian', 0.015398739723740767), ('Japanese', 0.0005007720235362851)]"
71,60428,0.14629170916508816,"44,773","62,414",3492,1084,0.3104238258877434,60428,"[('Black or African American', 0.7430187345351714), ('White', 0.1655178508306822), ('Some other race', 0.05593849416755037), ('Korean', 0.0022092612230470133), ('Asian Indian', 0.0014139271827500884)]"
72,60429,0.2649481227938817,"53,575","70,056",5228,961,0.18381790359602143,60429,"[('Black or African American', 0.849047809295512), ('White', 0.10347582900519377), ('Some other race', 0.013184178985217739), ('Filipino', 0.002796644027167399), ('Other Asian', 0.00013317352510320947)]"
73,60430,0.43187811309698215,"81,500","93,429",7594,753,0.09915722939162497,60430,"[('Black or African American', 0.473146282737949), ('White', 0.4514274482826397), ('Some other race', 0.018131787135767283), ('Filipino', 0.00756719571519827), ('Chinese', 0.003980148395656233)]"
74,60438,0.2582089552238806,"62,290","80,524",11306,1450,0.12825048646736245,60438,"[('Black or African American', 0.4469547465124192), ('White', 0.3968356583872065), ('Some other race', 0.053929908132017694), ('Vietnamese', 0.017829193603266416), ('Filipino', 0.004389248043552229)]"
75,60439,0.4341996942255674,"116,865","141,592",8571,296,0.03453506008633765,60439,"[('White', 0.9267965350359917), ('Black or African American', 0.010777176786367889), ('Asian Indian', 0.009435113262027736), ('Filipino', 0.006954329171580788), ('Some other race', 0.004107527756313799)]"
76,60443,0.3819709702062643,"79,979","91,460",8207,795,0.0968685268673084,60443,"[('Black or African American', 0.7564510763674381), ('White', 0.16485292021099654), ('Filipino', 0.01154778311077318), ('Some other race', 0.005037304566839329), ('Vietnamese', 0.004181913225300575)]"
77,60445,0.16455443568506137,"59,744","75,126",5751,661,0.11493653277690837,60445,"[('White', 0.6738715396154371), ('Some other race', 0.11700531842356471), ('Black or African American', 0.08079912723305605), ('Filipino', 0.017046229374062458), ('Chinese', 0.002795581617346243)]"
78,60449,0.2687048503611971,"88,688","117,831",3635,237,0.06519944979367263,60449,"[('White', 0.6378536381668233), ('Black or African American', 0.2974214427393256), ('Some other race', 0.017955945297003863), ('Filipino', 0.009917527925670739), ('Asian Indian', 0.002609875769913352)]"
79,60452,0.307088263009109,"81,910","98,220",10163,384,0.037784118862540586,60452,"[('White', 0.7633867948765002), ('Black or African American', 0.06386024149447646), ('Some other race', 0.05288655631812677), ('Asian Indian', 0.03493962638088597), ('Filipino', 0.022204279370205894)]"
80,60453,0.32060438225720256,"70,787","93,728",22064,1666,0.07550761421319797,60453,"[('White', 0.7678349875930521), ('Black or African American', 0.07568238213399504), ('Some other race', 0.06591191066997519), ('Filipino', 0.013544251447477253), ('Asian Indian', 0.006169010201268266)]"
81,60455,0.19359472705763056,"58,451","71,013",6061,968,0.15970961887477314,60455,"[('White', 0.7742903300253866), ('Some other race', 0.0743711054696515), ('Black or African American', 0.038483729517655205), ('Filipino', 0.01494345718901454), ('Chinese', 0.008192937918301408)]"
82,60456,0.1754911754911755,"52,639","59,206",1895,206,0.10870712401055409,60456,"[('White', 0.8307123034227567), ('Some other race', 0.029139685476410732), ('Black or African American', 0.015263644773358002), ('Japanese', 0.00786308973172988), ('Filipino', 0.0013876040703052729)]"
83,60457,0.23956209080176022,"72,188","87,347",4984,441,0.08848314606741572,60457,"[('White', 0.8646857631466439), ('Some other race', 0.033632606527005844), ('Black or African American', 0.033561351004702866), ('Other Asian', 0.012540971925324213), ('Filipino', 0.00612797491805615)]"
84,60458,0.15783783783783784,"54,685","68,989",5190,1230,0.23699421965317918,60458,"[('White', 0.6037135278514589), ('Black or African American', 0.21578249336870026), ('Some other race', 0.06074270557029178), ('Filipino', 0.017042440318302387), ('Other Asian', 0.016644562334217506)]"
85,60459,0.159129937034917,"73,466","92,096",9482,1162,0.12254798565703438,60459,"[('White', 0.6703397925764192), ('Some other race', 0.12073553493449782), ('Black or African American', 0.027736080786026202), ('Asian Indian', 0.011531113537117905), ('Vietnamese', 0.008324235807860262)]"
86,60461,0.4954600484261501,"96,000","112,407",1908,56,0.029350104821802937,60461,"[('Black or African American', 0.7981154771451484), ('White', 0.16880513231756214), ('Vietnamese', 0.014434643143544507), ('Korean', 0.0036086607858861267), ('Asian Indian', 0.00040096230954290296)]"
87,60462,0.42041423117207827,"86,621","105,948",16086,792,0.04923535994032078,60462,"[('White', 0.8484249084249085), ('Black or African American', 0.03777777777777778), ('Asian Indian', 0.018803418803418803), ('Other Asian', 0.011794871794871795), ('Filipino', 0.010402930402930404)]"
88,60463,0.44397217928902627,"101,090","123,300",5159,50,0.009691800736576855,60463,"[('White', 0.909466486216967), ('Black or African American', 0.020799202222380513), ('Some other race', 0.01189543414773132), ('Chinese', 0.0031341263622765153), ('Cherokee tribal grouping', 0.0026355153500961606)]"
89,60464,0.49686624883317776,"114,766","147,528",3727,70,0.018781862087469816,60464,"[('White', 0.8434410355723168), ('Some other race', 0.045357252064009784), ('Filipino', 0.022423810009173376), ('Other Asian', 0.021914177963510344), ('Black or African American', 0.020283355417388644)]"
90,60465,0.2594519343493552,"72,570","86,746",7727,529,0.06846123980846383,60465,"[('White', 0.8656074868055933), ('Black or African American', 0.058925948092932154), ('Other Asian', 0.0072909298656074865), ('Asian Indian', 0.006746830621905436), ('Some other race', 0.00669242069753523)]"
91,60466,0.27632475139626755,"58,940","65,733",8108,1171,0.14442525900345338,60466,"[('Black or African American', 0.6951598682073414), ('White', 0.22070629727597568), ('Some other race', 0.049515058703420115), ('Asian Indian', 0.0026451343449812054), ('Chinese', 0.0008817114483270686)]"
92,60467,0.4404545939600896,"96,412","129,573",9534,429,0.04499685336689742,60467,"[('White', 0.8649000868809731), ('Black or African American', 0.03238290814311666), ('Some other race', 0.026380222731221863), ('Asian Indian', 0.022312613537635258), ('Other Asian', 0.007779796224626807)]"
93,60469,0.17174959871589085,"55,547","65,710",1642,254,0.15468940316686966,60469,"[('White', 0.5483251919050942), ('Some other race', 0.2608164689462666), ('Black or African American', 0.10484996510816469), ('Filipino', 0.00366364270760642), ('Asian Indian', 0.00314026517794836)]"
94,60471,0.3010344827586207,"66,382","76,156",5070,957,0.18875739644970413,60471,"[('Black or African American', 0.8947566955865711), ('White', 0.06774801961523953), ('Some other race', 0.009053187476423991), ('Filipino', 0.0027913994718973974), ('Chinese', 0.0014334213504337986)]"
95,60472,0.14585260561208757,"34,952","50,448",1475,539,0.36542372881355933,60472,"[('Black or African American', 0.8714785112070739), ('White', 0.10158338474192885), ('Some other race', 0.005757762697923093), ('Vietnamese', 0.0028788813489615465), ('Asian Indian', 0.001645075056549455)]"
96,60473,0.26422764227642276,"72,735","85,731",7480,1058,0.14144385026737968,60473,"[('Black or African American', 0.8037285199872374), ('White', 0.13031587583754958), ('Some other race', 0.04184329276630658), ('Filipino', 0.003783217101964538), ('Chinese', 0.0007748757919686404)]"
97,60475,0.15590761030500444,"54,067","63,990",4196,633,0.15085795996186846,60475,"[('White', 0.698001998001998), ('Black or African American', 0.13346653346653348), ('Some other race', 0.1012987012987013), ('Other Asian', 0.0034965034965034965), ('Filipino', 0.0014985014985014985)]"
98,60476,0.21777003484320556,"59,632","74,399",983,90,0.09155645981688708,60476,"[('White', 0.6454980426272292), ('Black or African American', 0.2653327533710309), ('Some other race', 0.06133101348412353), ('Filipino', 0.004784688995215311), ('Other Asian', 0.0039147455415398)]"
99,60477,0.32229515450991963,"80,233","101,114",15474,1150,0.07431821119296884,60477,"[('White', 0.7916543036711353), ('Black or African American', 0.0741240255711704), ('Some other race', 0.0385725460577779), ('Asian Indian', 0.010142151970436705), ('Filipino', 0.008712540123540042)]"
100,60478,0.3144681218186524,"64,809","81,996",5729,885,0.15447722115552454,60478,"[('Black or African American', 0.8763575605680869), ('White', 0.08795799021362931), ('Filipino', 0.017126148705096073), ('Asian Indian', 0.003401360544217687), ('Chinese', 0.0007160759040458289)]"
101,60480,0.37669512807634353,"94,087","124,750",2141,118,0.05511443250817375,60480,"[('White', 0.9017038007863696), ('Black or African American', 0.029582475191911626), ('Some other race', 0.014229545029020782), ('Asian Indian', 0.009736004493540536), ('Chinese', 0.00617861823628534)]"
102,60482,0.18676600580881425,"51,672","66,902",4543,853,0.18776139115122165,60482,"[('White', 0.8115980998476293), ('Some other race', 0.08980908846464103), ('Filipino', 0.026620059155687013), ('Black or African American', 0.02464820292193242), ('Asian Indian', 0.009142242538316752)]"
103,60487,0.47580335072782204,"119,671","129,532",9099,447,0.0491262776129245,60487,"[('White', 0.8681272782503038), ('Black or African American', 0.04169198055893074), ('Asian Indian', 0.016479343863912515), ('Some other race', 0.016061664641555284), ('Other Asian', 0.01378341433778858)]"
104,60501,0.13005741754573374,"52,276","71,340",3635,678,0.18651994497936727,60501,"[('White', 0.5345735643900782), ('Some other race', 0.2420998980632008), ('Black or African American', 0.086221542643561), ('Asian Indian', 0.016564729867482163), ('Other Asian', 0.011382942575603126)]"
105,60513,0.43955317116190196,"89,896","107,853",7608,472,0.06203995793901157,60513,"[('White', 0.8253903250575889), ('Some other race', 0.0591758382390581), ('Black or African American', 0.03726644484259022), ('Filipino', 0.0037368825185564373), ('Chinese', 0.003276170975172767)]"
106,60521,0.8020392292404736,"216,286","330,731",6020,87,0.014451827242524917,60521,"[('White', 0.7538324816707398), ('Chinese', 0.06920684292379471), ('Asian Indian', 0.055932015107753835), ('Some other race', 0.016551877360586536), ('Black or African American', 0.011997333925794268)]"
107,60523,0.6315991799077396,"103,494","179,290",4359,245,0.056205551732048636,60523,"[('White', 0.6530030472820211), ('Asian Indian', 0.1333923129853534), ('Chinese', 0.06291162882138995), ('Other Asian', 0.049444608276811165), ('Filipino', 0.017104099085815394)]"
108,60525,0.5020398808159523,"99,004","143,707",12230,581,0.04750613246116108,60525,"[('White', 0.8343802278968467), ('Some other race', 0.0484833180770809), ('Black or African American', 0.03601527729553991), ('Korean', 0.004040276506423408), ('Chinese', 0.0031880306808497205)]"
109,60526,0.6056384742951907,"101,716","132,454",5192,302,0.05816640986132512,60526,"[('White', 0.8555113468906572), ('Black or African American', 0.05032419687592101), ('Some other race', 0.03028293545534925), ('Asian Indian', 0.008620689655172414), ('Filipino', 0.007810197465369879)]"
110,60527,0.5906438165817508,"107,003","171,925",12056,552,0.0457863304578633,60527,"[('White', 0.7502186155514359), ('Asian Indian', 0.07307006191192417), ('Black or African American', 0.057714505579068875), ('Some other race', 0.032425058588967784), ('Filipino', 0.015600405750463465)]"
111,60534,0.181693426650199,"68,004","81,710",3900,236,0.06051282051282051,60534,"[('White', 0.6587771203155819), ('Some other race', 0.18690710998403307), ('Black or African American', 0.028928336620644313), ('Asian Indian', 0.01850286465671081), ('Other Asian', 0.00798346952193106)]"
112,60546,0.5051689688124402,"88,072","123,582",6546,291,0.044454628780934924,60546,"[('White', 0.7991391678622669), ('Some other race', 0.04579148732663797), ('Black or African American', 0.042682926829268296), ('Filipino', 0.005439980870396939), ('Chinese', 0.004244380679100909)]"
113,60558,0.8153147911090423,"196,638","258,991",4510,33,0.007317073170731708,60558,"[('White', 0.9459040590405904), ('Black or African American', 0.01092250922509225), ('Some other race', 0.005461254612546125), ('Asian Indian', 0.0046494464944649445), ('Other Asian', 0.0032472324723247232)]"
114,60601,0.8803114948366345,"123,115","230,208",8787,0,0.0,60601,"[('White', 0.5865306673871926), ('Chinese', 0.12787084571737367), ('Asian Indian', 0.08085652526344231), ('Black or African American', 0.06984598757092678), ('Some other race', 0.03620643069440692)]"
115,60602,0.8221778221778222,"235,666","352,103",581,0,0.0,60602,"[('White', 0.5455341506129597), ('Other Asian', 0.08056042031523643), ('Black or African American', 0.03327495621716287), ('Filipino', 0.00788091068301226), ('Some other race', 0.0)]"
116,60603,0.932258064516129,"114,394","216,301",734,0,0.0,60603,"[('White', 0.5929411764705882), ('Asian Indian', 0.13333333333333333), ('Chinese', 0.08784313725490196), ('Black or African American', 0.05568627450980392), ('Korean', 0.02588235294117647)]"
117,60604,0.9355608591885441,"67,938","141,925",401,0,0.0,60604,"[('White', 0.7729257641921398), ('Black or African American', 0.10480349344978165), ('Asian Indian', 0.06259097525473072), ('Japanese', 0.018922852983988356), ('Korean', 0.013100436681222707)]"
118,60605,0.7808800975264462,"112,162","155,935",17467,1306,0.07476956546630789,60605,"[('White', 0.6275212769273935), ('Black or African American', 0.144028431586495), ('Chinese', 0.060791221124169965), ('Asian Indian', 0.052592200018704995), ('Some other race', 0.019827290582036975)]"
119,60606,0.9179452968645764,"130,196","184,168",2388,0,0.0,60606,"[('White', 0.6200727713765919), ('Chinese', 0.15221346270466948), ('Asian Indian', 0.08944815039417829), ('Filipino', 0.0469981807155852), ('Korean', 0.02577319587628866)]"
120,60607,0.7892098471312289,"109,634","145,285",13169,620,0.04708026425696712,60607,"[('White', 0.5616538846282094), ('Black or African American', 0.12477492497499167), ('Asian Indian', 0.09343114371457152), ('Chinese', 0.0648216072024008), ('Some other race', 0.02580860286762254)]"
121,60608,0.3044564552314909,"61,490","79,170",27804,4968,0.17867932671558048,60608,"[('White', 0.37568856122071), ('Some other race', 0.21262053555425445), ('Black or African American', 0.17253163498189727), ('Chinese', 0.10409970246985864), ('Other Asian', 0.01019249841675728)]"
122,60609,0.1737764918267923,"43,048","60,982",22402,6968,0.3110436568163557,60609,"[('White', 0.34677745267616106), ('Some other race', 0.24980197539645335), ('Black or African American', 0.24108889284040025), ('Chinese', 0.05450930311504825), ('Other Asian', 0.0032492200255411327)]"
123,60610,0.7823618913857678,"99,246","158,855",24654,1777,0.07207755333820069,60610,"[('White', 0.7293385507519683), ('Black or African American', 0.12045636697939749), ('Chinese', 0.03342605251991891), ('Asian Indian', 0.028687944934232237), ('Korean', 0.013389279147612088)]"
124,60611,0.8796440414157136,"117,344","191,960",22394,279,0.012458694293114227,60611,"[('White', 0.699091487761125), ('Asian Indian', 0.10048608298130896), ('Chinese', 0.03735316243272959), ('Black or African American', 0.03116139112319889), ('Korean', 0.02974364909438111)]"
125,60612,0.3950838281522878,"52,126","88,669",13766,4310,0.31309022228679356,60612,"[('Black or African American', 0.55532617671346), ('White', 0.2834434351775392), ('Some other race', 0.058363807950926036), ('Chinese', 0.013625103220478944), ('Asian Indian', 0.010351539459714522)]"
126,60613,0.7572197507803475,"88,267","127,926",28334,1825,0.06441024917060775,60613,"[('White', 0.7736571450020645), ('Black or African American', 0.05904433016778649), ('Asian Indian', 0.027833039300326563), ('Some other race', 0.02270935775684096), ('Chinese', 0.020719942945084644)]"
127,60614,0.8589445280879103,"123,610","204,211",33922,1170,0.03449089086728377,60614,"[('White', 0.8314313842399368), ('Black or African American', 0.03969827645974015), ('Chinese', 0.024667563332824913), ('Asian Indian', 0.021769575285292365), ('Some other race', 0.020812823250461042)]"
128,60615,0.6209571788413099,"51,179","81,579",21709,3719,0.1713114376525865,60615,"[('Black or African American', 0.5353508750927766), ('White', 0.3096463715373381), ('Chinese', 0.040390739100246605), ('Asian Indian', 0.01965666674647449), ('Some other race', 0.009217803529101922)]"
129,60616,0.49902775752272616,"65,489","90,767",24622,3880,0.15758264966290308,60616,"[('White', 0.33847602901007817), ('Chinese', 0.29578977112178584), ('Black or African American', 0.23550908919657154), ('Asian Indian', 0.04846943581049261), ('Some other race', 0.02171988320617877)]"
130,60617,0.20471555506396785,"46,156","62,788",30141,8750,0.2903022461099499,60617,"[('Black or African American', 0.5354839475965936), ('White', 0.2715071324219353), ('Some other race', 0.12379889064411531), ('Other Asian', 0.0008551779839179029), ('Chinese', 0.0007839131519247443)]"
131,60618,0.5300219547055269,"91,650","130,637",36855,3364,0.09127662460995795,60618,"[('White', 0.6545678285197417), ('Some other race', 0.12728496602789288), ('Black or African American', 0.027987547066618986), ('Filipino', 0.020961736679358002), ('Asian Indian', 0.018311281263804456)]"
132,60619,0.2710104498760184,"43,329","58,574",28030,9351,0.33360684980378164,60619,"[('Black or African American', 0.9501740678313196), ('White', 0.012743970636883477), ('Some other race', 0.008727020683354075), ('Korean', 0.0010239284195271026), ('Other Asian', 0.0009451646949480947)]"
133,60620,0.17776156866110313,"40,117","56,450",25825,8946,0.3464085188770571,60620,"[('Black or African American', 0.9475611690240351), ('Some other race', 0.018931037963003012), ('White', 0.016681805729774932), ('Chinese', 0.0014129792234381534), ('Other Asian', 0.0011967068933200686)]"
134,60621,0.12569591918728118,"24,912","36,579",10783,5174,0.4798293610312529,60621,"[('Black or African American', 0.9310799608109126), ('White', 0.035609314944607735), ('Some other race', 0.005840681287210792), ('Filipino', 0.0027130906624463036), ('Asian Indian', 0.0012811817017107543)]"
135,60622,0.718832952473282,"110,694","155,606",24839,1758,0.07077579612705825,60622,"[('White', 0.7518023787740165), ('Black or African American', 0.07077767612076853), ('Some other race', 0.04320219579139982), ('Asian Indian', 0.016322049405306495), ('Filipino', 0.009624885635864593)]"
136,60623,0.1275874739721553,"35,890","50,576",26225,7650,0.2917063870352717,60623,"[('White', 0.2959070224428586), ('Black or African American', 0.29320508842693144), ('Some other race', 0.2853319888302823), ('Asian Indian', 0.001422070534698521), ('Chinese', 0.0007886027510600889)]"
137,60624,0.11139796050083904,"29,102","44,607",13204,6578,0.49818236897909723,60624,"[('Black or African American', 0.8742767533661385), ('Some other race', 0.05575082463634889), ('White', 0.05026226139620397), ('Chinese', 0.00221705510193046), ('Asian Indian', 0.001027415778943384)]"
138,60625,0.5208289501367558,"76,088","103,314",30888,3401,0.11010748510748511,60625,"[('White', 0.5755485580046984), ('Some other race', 0.11499725096216325), ('Black or African American', 0.049370220422852), ('Filipino', 0.044821812365672016), ('Asian Indian', 0.02855250662268206)]"
139,60626,0.5010912014702504,"51,562","69,948",23272,3987,0.17132176005500172,60626,"[('White', 0.5188189680882791), ('Black or African American', 0.2569241475295755), ('Some other race', 0.08621135301719852), ('Other Asian', 0.013898001789442291), ('Asian Indian', 0.013619644099811114)]"
140,60628,0.21877235336194564,"46,665","61,282",23198,7366,0.3175273730494008,60628,"[('Black or African American', 0.9254291429546124), ('White', 0.03825458605343547), ('Some other race', 0.01491727271317589), ('Asian Indian', 0.0008683651475445425), ('Chinese', 0.00021709128688613563)]"
141,60629,0.12145003246115985,"46,217","64,242",33175,8302,0.2502486812358704,60629,"[('White', 0.39007507884674425), ('Some other race', 0.27818247788104605), ('Black or African American', 0.17998455627192125), ('Filipino', 0.0024282006196098133), ('Navajo tribal grouping', 0.0017769590741205912)]"
142,60630,0.4372307089698394,"84,220","105,080",21358,2188,0.10244404906826482,60630,"[('White', 0.6592074256624274), ('Some other race', 0.10289435340252918), ('Filipino', 0.06443489053983559), ('Vietnamese', 0.02250364267597273), ('Black or African American', 0.021370365706679138)]"
143,60631,0.4855522794284418,"103,588","125,682",12189,585,0.04799409303470342,60631,"[('White', 0.837065611821243), ('Some other race', 0.04109320343914479), ('Asian Indian', 0.01356696851809474), ('Black or African American', 0.013109287652424074), ('Chinese', 0.01170355356500703)]"
144,60632,0.12420433849649277,"48,791","64,340",26080,5948,0.22806748466257667,60632,"[('White', 0.452634590079524), ('Some other race', 0.31740946278391213), ('Chinese', 0.06335602723267922), ('Black or African American', 0.014291435436809887), ('Filipino', 0.002986440871903427)]"
145,60633,0.1463051933196065,"54,074","65,239",5127,1000,0.19504583577140627,60633,"[('White', 0.5385829256746094), ('Black or African American', 0.26124349061069907), ('Some other race', 0.14028720214612592), ('Filipino', 0.0007890168849613382), ('Korean', 0.0004734101309768029)]"
146,60634,0.2489902632527948,"75,878","92,533",27567,2072,0.07516233177349729,60634,"[('White', 0.6635706914344686), ('Some other race', 0.16684726522187823), ('Filipino', 0.04010577915376677), ('Black or African American', 0.03059855521155831), ('Other Asian', 0.004798761609907121)]"
147,60636,0.10081548953216653,"27,831","45,396",11391,4862,0.42682819769993857,60636,"[('Black or African American', 0.8325989740891754), ('Some other race', 0.06484282520057871), ('White', 0.05132842299092463), ('Asian Indian', 0.0014467973168486123), ('Native Hawaiian', 0.001348152045245298)]"
148,60637,0.3475664676251793,"31,720","67,493",21450,7323,0.3413986013986014,60637,"[('Black or African American', 0.7393060548531728), ('White', 0.162196550470574), ('Chinese', 0.02334693218079735), ('Some other race', 0.01615704649190128), ('Other Asian', 0.009290301732843237)]"
149,60638,0.23170192921309704,"76,258","90,727",20775,2017,0.0970878459687124,60638,"[('White', 0.6517749622619108), ('Some other race', 0.17498600722536), ('Black or African American', 0.028239963364371852), ('Chinese', 0.003290422157770654), ('Vietnamese', 0.0010685391543275836)]"
150,60639,0.15010088138472974,"53,197","71,940",26363,5933,0.22505025983385807,60639,"[('White', 0.39157878185473455), ('Some other race', 0.32323640733627595), ('Black or African American', 0.14341228927299887), ('Filipino', 0.010624796432943607), ('Chinese', 0.006199669800195424)]"
151,60640,0.6108556668925974,"63,660","88,968",36521,4828,0.13219791352920238,60640,"[('White', 0.622615402731983), ('Black or African American', 0.17133772962788507), ('Some other race', 0.03775612341026849), ('Other Asian', 0.03002826189354687), ('Asian Indian', 0.01764896373056995)]"
152,60641,0.32203805013472686,"72,950","95,832",24917,3276,0.1314765019865955,60641,"[('White', 0.5770037885723138), ('Some other race', 0.2102728053744208), ('Black or African American', 0.027688970888554005), ('Filipino', 0.025491880624762334), ('Other Asian', 0.009520724476430573)]"
153,60642,0.7594611213594946,"131,201","152,063",10515,748,0.07113647170708512,60642,"[('White', 0.7053429400205857), ('Black or African American', 0.0967062786563114), ('Some other race', 0.043885094039487225), ('Asian Indian', 0.022784691681482176), ('Chinese', 0.020305043510807523)]"
154,60643,0.36912039029989957,"73,285","100,865",18075,3085,0.1706777316735823,60643,"[('Black or African American', 0.7157201381637079), ('White', 0.22574102337537152), ('Some other race', 0.006767611856374006), ('Chinese', 0.0033536830267491364), ('Asian Indian', 0.0008434412402602619)]"
155,60644,0.11663279563063635,"31,816","46,852",17870,7400,0.4141018466703973,60644,"[('Black or African American', 0.8546714255721184), ('White', 0.05605710686542095), ('Some other race', 0.043900902792357754), ('Asian Indian', 0.0027503674154944363), ('Other Asian', 0.002246483308838967)]"
156,60645,0.4577916992952232,"63,488","89,528",16806,2630,0.15649172914435322,60645,"[('White', 0.5112894926417618), ('Black or African American', 0.15389523515488318), ('Some other race', 0.10130698775342184), ('Other Asian', 0.050036019347535245), ('Asian Indian', 0.045713697643305545)]"
157,60646,0.5407649119439513,"103,913","151,633",10946,868,0.07929837383519094,60646,"[('White', 0.8024619791311465), ('Some other race', 0.029530109800177316), ('Filipino', 0.026290663574984656), ('Other Asian', 0.024006001500375095), ('Korean', 0.02117574848257519)]"
158,60647,0.5901900712767287,"89,974","125,881",36880,3557,0.09644793926247289,60647,"[('White', 0.6823547286241878), ('Some other race', 0.07519517554111542), ('Black or African American', 0.06662848861670796), ('Asian Indian', 0.00973540273946987), ('Korean', 0.009513346734608012)]"
159,60649,0.2544782485072505,"38,026","56,133",23349,8471,0.36279926335174956,60649,"[('Black or African American', 0.9308190227268086), ('White', 0.03879688808118759), ('Some other race', 0.009474608457721601), ('Other Asian', 0.002981234557817573), ('Filipino', 0.0015927143528066485)]"
160,60651,0.145924386807098,"44,549","62,979",20564,6821,0.3316961680606886,60651,"[('Black or African American', 0.5417246820755592), ('White', 0.19680373773941026), ('Some other race', 0.16804356570438442), ('Filipino', 0.0011603081778520374), ('Japanese', 0.001113895850737956)]"
161,60652,0.19090161884001,"70,766","81,265",13479,2092,0.15520439201721195,60652,"[('Black or African American', 0.4241922502012188), ('White', 0.2780728987007014), ('Some other race', 0.19960906059560768), ('Filipino', 0.005358169483730022), ('Chinese', 0.0032424974129010003)]"
162,60653,0.37965377217354135,"34,564","65,751",16925,6485,0.3831610044313146,60653,"[('Black or African American', 0.8626263796749616), ('White', 0.07083055708450418), ('Some other race', 0.014745502476896781), ('Chinese', 0.003563255018975057), ('Filipino', 0.00353428546597526)]"
163,60654,0.8892518609757404,"127,072","190,326",14294,254,0.01776969357772492,60654,"[('White', 0.7352120408069902), ('Asian Indian', 0.054577062079692575), ('Black or African American', 0.04176769294112265), ('Chinese', 0.0386568461503271), ('Some other race', 0.036735440779541606)]"
164,60655,0.4524736541556352,"105,229","119,464",10730,317,0.029543336439888164,60655,"[('White', 0.8642134186636986), ('Black or African American', 0.05526764286459601), ('Some other race', 0.019060206601509512), ('Filipino', 0.006469340196862718), ('Asian Indian', 0.0056693680219818444)]"
165,60656,0.40768731454005935,"75,006","93,693",12471,767,0.06150268623205837,60656,"[('White', 0.7691261119832549), ('Asian Indian', 0.039037153322867606), ('Black or African American', 0.03785103785103785), ('Filipino', 0.02944357230071516), ('Some other race', 0.024873539159253444)]"
166,60657,0.8536051899907322,"98,457","154,425",38263,1015,0.02652693202310326,60657,"[('White', 0.8217519725985606), ('Black or African American', 0.03720549692843177), ('Chinese', 0.02318583334488927), ('Some other race', 0.01777765451444261), ('Asian Indian', 0.017486444885110867)]"
167,60659,0.37961631536492124,"57,077","82,075",13838,3242,0.234282410752999,60659,"[('White', 0.4875254407830044), ('Other Asian', 0.10231196688696288), ('Black or African American', 0.08657870063344691), ('Asian Indian', 0.060028813830638704), ('Some other race', 0.05851951794003979)]"
168,60660,0.5379980214048026,"56,090","85,478",21179,2591,0.12233816516360546,60660,"[('White', 0.5836520501645468), ('Black or African American', 0.14315574135017345), ('Other Asian', 0.042181802010139643), ('Some other race', 0.03829049186160278), ('Asian Indian', 0.028951347505114293)]"
169,60661,0.9139094121426277,"139,063","167,654",6850,46,0.006715328467153284,60661,"[('White', 0.6243113880610494), ('Asian Indian', 0.13564526325295764), ('Chinese', 0.09825702158403324), ('Black or African American', 0.02555766278334688), ('Other Asian', 0.023932087058611037)]"
170,60706,0.27937510387236164,"79,138","98,420",9408,516,0.0548469387755102,60706,"[('White', 0.8361898483849703), ('Some other race', 0.04956328279499011), ('Filipino', 0.04045814106789716), ('Black or African American', 0.013142715886618325), ('Vietnamese', 0.010423533289386947)]"
171,60707,0.2994734160013589,"68,430","88,341",15551,2104,0.13529676548131953,60707,"[('White', 0.6280713645936721), ('Some other race', 0.17705584739403035), ('Black or African American', 0.06923430729381007), ('Filipino', 0.021544941780241595), ('Asian Indian', 0.005809871940739306)]"
172,60712,0.5625777041027766,"95,650","133,930",4766,334,0.07007973143096936,60712,"[('White', 0.6713579877227129), ('Asian Indian', 0.0924539601736787), ('Vietnamese', 0.04918400958227279), ('Filipino', 0.03443629285821231), ('Other Asian', 0.0283725108549184)]"
173,60714,0.37590914890902133,"70,085","93,403",11744,915,0.07791212534059945,60714,"[('White', 0.7086964880799795), ('Filipino', 0.05315944629582158), ('Asian Indian', 0.0410792104588567), ('Other Asian', 0.0337733914380928), ('Black or African American', 0.02508972058446552)]"
174,60803,0.2079910626273247,"57,305","74,654",8925,936,0.10487394957983193,60803,"[('White', 0.6400644901249496), ('Black or African American', 0.20757758968158002), ('Some other race', 0.07013301088270858), ('Filipino', 0.012942809798916207), ('Vietnamese', 0.004478480899278965)]"
175,60804,0.1091257428839537,"58,433","70,919",23915,5239,0.21906753083838595,60804,"[('Some other race', 0.5663035156940109), ('White', 0.28483599316883573), ('Black or African American', 0.03213002767799305), ('Filipino', 0.0027560214357222777), ('Other Asian', 0.0017431246687474235)]"
176,60805,0.39476008242566973,"85,328","96,962",7495,439,0.05857238158772515,60805,"[('White', 0.6325186079259706), ('Black or African American', 0.25196137598068796), ('Some other race', 0.02464292898813116), ('Filipino', 0.014232548782941059), ('Asian Indian', 0.00487829410581372)]"
177,60827,0.14597481374035737,"32,801","49,125",9589,3606,0.37605589738241735,60827,"[('Black or African American', 0.8995001922337562), ('White', 0.04598231449442522), ('Some other race', 0.020838139177239524), ('Chippewa tribal grouping', 0.000461361014994233), ('Filipino', 7.689350249903884e-05)]"
